catchment_id,pixel_count,area_km2,mean_slope,mean_flow_accum,max_flow_accum,drainage_density,region
C1,1722,1.55,67.02,47.03,1722.0,0.213,Uttarakhand
C2,1524,1.372,72.2,31.79,1524.0,0.219,Uttarakhand
C3,2046,1.841,73.62,37.75,2046.0,0.407,Uttarakhand
C4,1230,1.107,70.61,39.68,1230.0,0.027,Uttarakhand
C5,2450,2.205,71.53,38.96,2450.0,0.259,Uttarakhand
C6,1249,1.124,69.63,29.39,1249.0,0.08,Uttarakhand
C7,1345,1.21,71.6,27.37,1345.0,0.099,Uttarakhand
C8,1424,1.282,72.87,36.98,1424.0,0.375,Uttarakhand
C9,1634,1.471,70.85,47.64,1634.0,0.592,Uttarakhand
C10,1643,1.479,75.59,29.69,1643.0,0.203,Uttarakhand
C11,1849,1.664,75.98,30.25,1849.0,0.288,Uttarakhand
C12,1782,1.604,73.76,40.14,1782.0,0.505,Uttarakhand
C13,1638,1.474,69.26,38.87,1638.0,0.407,Uttarakhand
C14,1241,1.117,73.62,24.13,1241.0,0.027,Uttarakhand
C15,1349,1.214,75.01,29.59,1349.0,0.049,Uttarakhand
C16,3664,3.298,76.79,51.8,3664.0,0.491,Uttarakhand
C17,1213,1.092,73.03,21.34,1213.0,0.027,Uttarakhand
C18,1427,1.284,75.7,22.91,1427.0,0.07,Uttarakhand
C19,1719,1.547,76.59,38.92,1719.0,0.252,Uttarakhand
C20,1834,1.651,77.77,31.73,1834.0,0.218,Uttarakhand
C21,1395,1.256,74.79,22.7,1395.0,0.072,Uttarakhand
C22,1247,1.122,76.75,26.59,1247.0,0.053,Uttarakhand
C23,1351,1.216,76.65,28.61,1351.0,0.099,Uttarakhand
C24,1244,1.12,78.03,21.84,1244.0,0.027,Uttarakhand
C25,1204,1.084,78.86,30.32,1204.0,0.028,Uttarakhand
C26,1590,1.431,73.46,24.93,1590.0,0.042,Uttarakhand
C27,1373,1.236,78.12,30.59,1373.0,0.291,Uttarakhand
C28,1265,1.138,77.03,38.51,1265.0,0.264,Uttarakhand
C29,1863,1.677,78.17,29.45,1863.0,0.215,Uttarakhand
C30,1763,1.587,79.06,32.03,1763.0,0.189,Uttarakhand
C31,2097,1.887,76.72,40.04,2097.0,0.318,Uttarakhand
C32,1986,1.787,80.09,30.36,1986.0,0.218,Uttarakhand
C33,1906,1.715,80.01,32.28,1906.0,0.262,Uttarakhand
C34,1389,1.25,79.81,26.22,1389.0,0.096,Uttarakhand
C35,2178,1.96,75.8,33.42,2178.0,0.153,Uttarakhand
C36,1383,1.245,78.38,22.77,1383.0,0.024,Uttarakhand
C37,1612,1.451,80.04,40.04,1612.0,0.455,Uttarakhand
C38,1311,1.18,78.9,38.68,1311.0,0.254,Uttarakhand
C39,1848,1.663,78.08,26.1,1848.0,0.018,Uttarakhand
C40,1250,1.125,80.05,28.1,1250.0,0.107,Uttarakhand
C41,1354,1.219,76.24,29.62,1354.0,0.123,Uttarakhand
C42,2264,2.038,80.45,38.58,2264.0,0.368,Uttarakhand
C43,1826,1.643,80.18,38.03,1826.0,0.347,Uttarakhand
C44,1423,1.281,81.78,30.97,1423.0,0.258,Uttarakhand
C45,1446,1.301,84.6,29.11,1446.0,0.092,Uttarakhand
C46,1309,1.178,84.22,38.53,1309.0,0.229,Uttarakhand
C47,1263,1.137,80.79,23.19,1263.0,0.026,Uttarakhand
C48,2589,2.33,84.25,49.96,2589.0,0.528,Uttarakhand
C49,1365,1.228,82.87,23.16,1365.0,0.049,Uttarakhand
C50,1974,1.777,84.13,35.35,1974.0,0.355,Uttarakhand
C51,1667,1.5,83.5,29.57,1667.0,0.04,Uttarakhand
C52,1844,1.66,84.36,32.79,1844.0,0.235,Uttarakhand
C53,2025,1.822,84.02,33.12,2025.0,0.28,Uttarakhand
C54,1669,1.502,84.64,32.86,1669.0,0.22,Uttarakhand
C55,2035,1.832,84.47,41.93,2035.0,0.508,Uttarakhand
C56,1421,1.279,86.58,24.72,1421.0,0.023,Uttarakhand
C57,1445,1.3,84.98,26.32,1445.0,0.161,Uttarakhand
C58,1401,1.261,85.62,31.3,1401.0,0.048,Uttarakhand
C59,1714,1.543,84.79,26.44,1714.0,0.078,Uttarakhand
C60,1355,1.22,85.07,25.6,1355.0,0.074,Uttarakhand
C61,2509,2.258,86.03,47.47,2509.0,0.531,Uttarakhand
C62,1338,1.204,86.25,25.32,1338.0,0.025,Uttarakhand
C63,1374,1.237,86.41,39.74,1374.0,0.315,Uttarakhand
C64,1956,1.76,85.41,37.95,1956.0,0.426,Uttarakhand
C65,1652,1.487,85.62,26.57,1652.0,0.101,Uttarakhand
C66,1444,1.3,86.7,28.32,1444.0,0.185,Uttarakhand
C67,2361,2.125,86.52,34.48,2361.0,0.212,Uttarakhand
C68,2181,1.963,86.47,38.92,2181.0,0.443,Uttarakhand
C69,2167,1.95,87.21,37.95,2167.0,0.154,Uttarakhand
C70,1469,1.322,86.95,20.84,1469.0,0.045,Uttarakhand
C71,1875,1.688,87.25,28.73,1875.0,0.124,Uttarakhand
C72,1295,1.166,87.19,40.71,1295.0,0.36,Uttarakhand
C73,1360,1.224,87.54,28.88,1360.0,0.147,Uttarakhand
C74,1391,1.252,88.45,32.54,1391.0,0.168,Uttarakhand
C75,1729,1.556,88.73,29.78,1729.0,0.174,Uttarakhand
C76,1390,1.251,89.53,27.22,1390.0,0.048,Uttarakhand
C77,1739,1.565,89.55,39.81,1739.0,0.403,Uttarakhand
C78,1457,1.311,89.21,34.82,1457.0,0.252,Uttarakhand
C79,2100,1.89,89.41,38.38,2100.0,0.365,Uttarakhand
C80,1382,1.244,89.58,25.43,1382.0,0.024,Uttarakhand
C81,1312,1.181,89.29,30.73,1312.0,0.203,Uttarakhand
C82,1702,1.532,89.43,33.09,1702.0,0.333,Uttarakhand
C83,1601,1.441,88.36,34.05,1601.0,0.291,Uttarakhand
C84,1969,1.772,88.54,27.88,1969.0,0.203,Uttarakhand
C85,1449,1.304,87.84,29.14,1449.0,0.207,Uttarakhand
C86,1590,1.431,88.8,26.88,1590.0,0.147,Uttarakhand
C87,2065,1.858,88.19,46.02,2065.0,0.533,Uttarakhand
C88,1320,1.188,86.84,27.17,1320.0,0.152,Uttarakhand
C89,2216,1.994,87.99,37.16,2216.0,0.241,Uttarakhand
C90,2601,2.341,86.79,40.45,2601.0,0.436,Uttarakhand
C91,1277,1.149,87.62,35.62,1277.0,0.183,Uttarakhand
C92,1321,1.189,86.44,22.21,1321.0,0.025,Uttarakhand
C93,1250,1.125,85.8,27.7,1250.0,0.053,Uttarakhand
C94,1551,1.396,85.49,31.28,1551.0,0.236,Uttarakhand
C95,1553,1.398,83.33,32.74,1553.0,0.279,Uttarakhand
C96,1311,1.18,84.59,23.2,1311.0,0.025,Uttarakhand
C97,2479,2.231,83.05,42.68,2479.0,0.39,Uttarakhand
C98,3281,2.953,81.15,59.47,3281.0,0.62,Uttarakhand
C99,1868,1.681,79.65,26.03,1868.0,0.196,Uttarakhand
C100,1609,1.448,82.18,26.0,1609.0,0.104,Uttarakhand
C101,1380,1.242,80.8,27.71,1380.0,0.193,Uttarakhand
C102,1817,1.635,81.36,44.79,1817.0,0.385,Uttarakhand
C103,3971,3.574,80.51,47.08,3971.0,0.344,Uttarakhand
C104,1540,1.386,78.66,29.44,1540.0,0.195,Uttarakhand
C105,1214,1.093,78.25,26.05,1214.0,0.027,Uttarakhand
C106,1491,1.342,79.51,26.81,1491.0,0.134,Uttarakhand
C107,1810,1.629,77.59,32.61,1810.0,0.276,Uttarakhand
C108,1337,1.203,78.47,28.47,1337.0,0.249,Uttarakhand
C109,1357,1.221,76.4,36.76,1357.0,0.246,Uttarakhand
C110,1628,1.465,74.89,26.33,1628.0,0.102,Uttarakhand
C111,1229,1.106,75.3,23.57,1229.0,0.054,Uttarakhand
C112,1322,1.19,67.84,22.55,1322.0,0.025,Uttarakhand
C113,1668,1.501,69.81,31.82,1668.0,0.06,Uttarakhand
C114,1318,1.186,66.22,36.95,1318.0,0.253,Uttarakhand
C115,1482,1.334,70.7,22.85,1482.0,0.067,Uttarakhand
C116,1428,1.285,71.19,30.97,1428.0,0.093,Uttarakhand
C117,1230,1.107,68.22,26.82,1230.0,0.054,Uttarakhand
C118,2510,2.259,45.54,51.93,2510.0,0.531,Uttarakhand
C121,846,0.761,87.04,126.17,5311.0,0.788,Uttarakhand
A1,53031,47.728,6.93,240.45,53031.0,0.003,Assam
A2,71861,64.675,0.0,4664.36,71861.0,1.667,Assam
A3,170284,153.256,0.0,5081.66,170284.0,0.608,Assam
A4,78447,70.602,0.0,2070.71,78447.0,0.001,Assam
A5,106955,96.26,0.0,1792.41,106955.0,0.002,Assam
A6,107716,96.944,0.0,1805.1,107716.0,0.002,Assam
A7,90809,81.728,8.04,262.31,90809.0,0.008,Assam
A8,77669,69.902,0.0,4697.37,77669.0,1.528,Assam
A9,63859,57.473,0.0,4251.65,63859.0,1.755,Assam
A10,96887,87.198,0.0,1914.49,96887.0,0.002,Assam
A11,53315,47.984,0.0,1933.19,53315.0,0.001,Assam
A12,107536,96.782,0.0,1802.1,107536.0,0.002,Assam
A13,64799,58.319,0.0,1642.56,64799.0,0.002,Assam
A14,64261,57.835,0.01,4937.47,64261.0,1.847,Assam
A15,106628,95.965,0.0,1784.1,106628.0,0.002,Assam
A16,106481,95.833,0.0,3656.24,106481.0,1.005,Assam
A17,154870,139.383,0.0,4781.61,154870.0,1.199,Assam
A18,155057,139.551,0.0,5558.09,155057.0,0.76,Assam
A19,67160,60.444,0.0,1773.34,67160.0,0.001,Assam
A20,75582,68.024,0.0,3880.48,75582.0,1.535,Assam
A21,56678,51.01,0.0,1778.31,56678.0,0.001,Assam
A22,50621,45.559,0.0,1774.71,50621.0,0.002,Assam
A23,87318,78.586,0.0,4033.15,87318.0,1.231,Assam
A24,97475,87.728,0.0,4155.01,97475.0,1.168,Assam
A25,77648,69.883,0.0,2080.26,77648.0,0.001,Assam
A26,108787,97.908,0.0,1771.35,108787.0,0.002,Assam
A27,92412,83.171,0.0,4264.69,92412.0,1.31,Assam
A28,75449,67.904,11.19,369.14,75449.0,0.079,Assam
A29,64335,57.902,0.0,3269.99,64335.0,1.335,Assam
A30,55855,50.27,0.0,1749.26,55855.0,0.001,Assam
A31,71426,64.283,0.0,3066.23,71426.0,1.196,Assam
A32,140308,126.277,0.0,4482.98,140308.0,0.755,Assam
A33,51531,46.378,0.0,2177.31,51531.0,0.012,Assam
A34,94491,85.042,0.0,4418.2,94491.0,1.221,Assam
A35,59670,53.703,18.82,285.86,59670.0,0.045,Assam
A36,53981,48.583,9.89,346.01,53981.0,0.068,Assam
A37,86985,78.286,0.0,4610.52,86985.0,1.319,Assam
A38,78052,70.247,12.86,368.77,78052.0,0.062,Assam
A39,190593,171.534,0.04,5987.82,190593.0,0.964,Assam
A40,75412,67.871,0.01,5142.24,75412.0,1.546,Assam
A41,132830,119.547,0.0,4389.27,132830.0,0.905,Assam
A42,57697,51.927,6.78,281.98,57697.0,0.056,Assam
A43,63177,56.859,0.0,4392.23,63177.0,1.761,Assam
A44,79589,71.63,0.0,1765.32,79589.0,0.018,Assam
A45,100152,90.137,14.67,448.17,100152.0,0.064,Assam
A46,63572,57.215,0.0,1681.68,63572.0,0.003,Assam
A47,94350,84.915,0.01,3583.76,94350.0,1.215,Assam
A48,84076,75.668,16.28,334.21,84076.0,0.076,Assam
A49,89198,80.278,0.0,3487.45,89198.0,0.972,Assam
A50,170029,153.026,0.0,3255.64,170029.0,0.798,Assam
A51,167240,150.516,0.0,5836.83,167240.0,1.439,Assam
A52,116672,105.005,0.0,4899.17,116672.0,1.068,Assam
A53,75099,67.589,6.21,411.76,75099.0,0.111,Assam
A54,270121,243.109,0.0,3307.9,270121.0,0.45,Assam
A55,113163,101.847,0.0,3031.06,113163.0,0.498,Assam
A56,92916,83.624,15.8,362.63,92916.0,0.114,Assam
A57,87445,78.7,8.7,388.11,87445.0,0.096,Assam
A58,319216,287.294,0.0,4902.29,319216.0,0.687,Assam
A59,89783,80.805,0.0,2814.64,89783.0,0.018,Assam
A60,101184,91.066,0.0,3980.09,101184.0,1.042,Assam
A61,134250,120.825,0.0,4069.7,134250.0,0.895,Assam
A62,100446,90.401,0.01,4798.5,100446.0,1.092,Assam
A63,86915,78.224,10.26,530.86,86915.0,0.161,Assam
A64,111277,100.149,0.0,1702.79,111277.0,0.027,Assam
A65,110725,99.652,0.0,4133.42,110725.0,1.044,Assam
A66,59905,53.914,0.0,1792.52,59905.0,0.067,Assam
A67,82706,74.435,0.0,4639.95,82706.0,1.54,Assam
A68,95379,85.841,0.0,4028.74,95379.0,1.136,Assam
A69,300917,270.825,0.0,7453.02,300917.0,1.036,Assam
A70,50841,45.757,4.54,292.38,50841.0,0.015,Assam
A71,116416,104.774,15.49,541.9,116416.0,0.144,Assam
A72,52457,47.211,0.0,1718.78,52457.0,0.022,Assam
A73,88662,79.796,0.0,4287.89,88662.0,1.396,Assam
A74,252060,226.854,0.0,3598.7,252060.0,0.531,Assam
A75,55892,50.303,0.0,1669.74,55892.0,0.001,Assam
A76,81113,73.002,0.0,3943.09,81113.0,1.271,Assam
A77,52424,47.182,0.0,1995.41,52424.0,0.143,Assam
A78,131023,117.921,12.53,691.88,131023.0,0.203,Assam
A79,113658,102.292,0.0,1689.42,113658.0,0.04,Assam
A80,127242,114.518,0.0,4358.77,127242.0,0.793,Assam
A81,187442,168.698,12.42,670.59,187442.0,0.14,Assam
A82,58299,52.469,17.44,340.25,58299.0,0.057,Assam
A83,55540,49.986,0.0,1670.75,55540.0,0.001,Assam
A84,177354,159.619,15.32,622.24,177354.0,0.134,Assam
A85,66586,59.927,23.82,273.26,66586.0,0.009,Assam
A86,109805,98.824,0.0,4134.33,109805.0,1.022,Assam
A87,106643,95.979,7.11,462.45,106643.0,0.088,Assam
A88,266548,239.893,15.84,837.88,266548.0,0.121,Assam
A89,88202,79.382,0.0,1682.19,88202.0,0.157,Assam
A90,262059,235.853,8.91,873.87,262059.0,0.145,Assam
A91,279101,251.191,0.0,3375.33,279101.0,0.475,Assam
A92,56199,50.579,0.0,1520.62,56199.0,0.021,Assam
A93,103137,92.823,11.6,414.51,103137.0,0.125,Assam
A94,139213,125.292,0.0,3641.02,139213.0,0.998,Assam
A95,57338,51.604,10.79,340.69,57338.0,0.101,Assam
A96,116444,104.8,0.0,1900.12,116444.0,0.201,Assam
A97,88080,79.272,0.01,3949.1,88080.0,1.216,Assam
A98,101069,90.962,0.0,4347.89,101069.0,1.152,Assam
A99,130234,117.211,0.01,4574.72,130234.0,1.327,Assam
A100,97275,87.548,0.0,2947.45,97275.0,0.938,Assam
A101,88975,80.078,0.0,2096.42,88975.0,0.224,Assam
A102,320315,288.284,14.64,794.99,320315.0,0.108,Assam
A103,112800,101.52,0.0,2948.97,112800.0,0.777,Assam
A104,274725,247.252,0.0,8204.27,274725.0,1.264,Assam
A105,71441,64.297,0.0,2620.67,71441.0,0.202,Assam
A106,267724,240.952,0.01,7994.48,267724.0,1.409,Assam
A107,82610,74.349,0.0,2268.26,82610.0,0.493,Assam
A108,99676,89.708,0.0,3106.1,99676.0,0.919,Assam
A109,114478,103.03,0.0,3523.69,114478.0,0.956,Assam
A110,71245,64.121,0.0,1886.59,71245.0,0.242,Assam
A111,88230,79.407,0.0,2824.87,88230.0,0.537,Assam
A112,150196,135.176,0.02,3961.72,150196.0,0.544,Assam
A113,109702,98.732,10.28,337.69,109702.0,0.04,Assam
A114,104940,94.446,0.01,3606.28,104940.0,0.746,Assam
A115,133458,120.112,0.01,3641.08,133458.0,0.666,Assam
A116,66938,60.244,0.0,1350.75,66938.0,0.001,Assam
A117,161494,145.345,0.0,2630.09,161494.0,0.479,Assam
A118,53521,48.169,0.0,2968.76,53521.0,0.003,Assam
A119,178662,160.796,0.0,3092.37,178662.0,0.58,Assam
A120,59957,53.961,0.0,1750.12,59957.0,0.056,Assam
A121,52092,46.883,0.0,2920.71,52092.0,0.271,Assam
A122,162027,145.824,0.0,4258.43,162027.0,0.663,Assam
A123,153512,138.161,0.01,3309.6,153512.0,0.707,Assam
A124,89521,80.569,0.0,1937.4,89521.0,0.372,Assam
A125,109883,98.895,0.0,2091.24,109883.0,0.428,Assam
A126,70444,63.4,0.0,2539.57,70444.0,0.414,Assam
A127,124049,111.644,0.0,4381.96,124049.0,0.678,Assam
A128,56898,51.208,0.01,3466.77,56898.0,0.846,Assam
A129,101389,91.25,10.53,500.19,101389.0,0.125,Assam
A130,77732,69.959,0.01,1872.07,77732.0,0.268,Assam
A131,241992,217.793,0.0,4583.79,241992.0,0.709,Assam
A132,79616,71.654,0.0,2608.54,79616.0,0.709,Assam
A133,131691,118.522,0.0,2587.45,131691.0,0.307,Assam
A134,50233,45.21,0.01,3312.89,50233.0,0.001,Assam
A135,57523,51.771,0.01,3624.29,57523.0,0.501,Assam
A136,86360,77.724,0.0,2665.72,86360.0,0.589,Assam
A137,128857,115.971,0.0,4952.88,128857.0,1.348,Assam
A138,51768,46.591,11.36,227.55,51768.0,0.02,Assam
A139,67833,61.05,0.0,1734.67,67833.0,0.213,Assam
A140,81098,72.988,0.0,3099.5,81098.0,0.684,Assam
A141,63270,56.943,10.41,463.97,63270.0,0.078,Assam
A142,164962,148.466,0.0,3386.84,164962.0,0.882,Assam
A143,133355,120.02,16.29,717.6,133355.0,0.194,Assam
A144,50359,45.323,0.0,2300.64,50359.0,0.102,Assam
A145,109560,98.604,0.0,2373.73,109560.0,0.038,Assam
A146,52595,47.336,0.0,2193.51,52595.0,0.768,Assam
A147,84895,76.406,0.01,3068.78,84895.0,0.532,Assam
A148,55385,49.846,0.0,3095.45,55385.0,0.716,Assam
A149,130688,117.619,0.01,2268.26,130688.0,0.241,Assam
A150,207701,186.931,0.0,5235.68,207701.0,0.88,Assam
A151,54033,48.63,0.0,2822.62,54033.0,0.003,Assam
A152,114081,102.673,0.0,1969.22,114081.0,0.521,Assam
A153,284226,255.803,0.0,4036.82,284226.0,0.532,Assam
A154,131519,118.367,0.0,3010.84,131519.0,0.361,Assam
A155,101988,91.789,10.82,486.11,101988.0,0.158,Assam
A156,81079,72.971,0.0,2146.79,81079.0,0.618,Assam
A157,138268,124.441,0.0,3455.32,138268.0,0.756,Assam
A158,86289,77.66,11.23,355.94,86289.0,0.077,Assam
A159,75705,68.134,0.01,3729.48,75705.0,1.491,Assam
A160,65760,59.184,13.46,305.32,65760.0,0.068,Assam
A161,82439,74.195,11.62,521.28,82439.0,0.154,Assam
A162,155836,140.252,0.0,5657.11,155836.0,1.2,Assam
A163,210083,189.075,7.02,1189.74,210083.0,0.286,Assam
A164,82469,74.222,0.01,2112.41,82469.0,0.522,Assam
A165,145615,131.054,0.01,5992.11,145615.0,1.691,Assam
A166,92950,83.655,0.0,1833.96,92950.0,0.217,Assam
A167,401444,361.3,9.84,1331.03,401444.0,0.15,Assam
A168,57855,52.07,11.74,309.37,57855.0,0.048,Assam
A169,55866,50.279,0.01,2050.95,55866.0,0.199,Assam
A170,53491,48.142,0.09,2436.77,53491.0,0.689,Assam
A171,66475,59.828,0.0,2753.94,66475.0,0.317,Assam
A172,79215,71.294,11.18,471.56,79215.0,0.109,Assam
A173,96011,86.41,10.43,313.54,96011.0,0.071,Assam
A174,93993,84.594,0.0,2318.24,93993.0,0.068,Assam
A175,64542,58.088,0.01,2246.89,64542.0,0.515,Assam
A176,170959,153.863,13.27,542.26,170959.0,0.109,Assam
A177,69908,62.917,0.01,1861.92,69908.0,0.221,Assam
A178,191419,172.277,0.0,4537.94,191419.0,0.665,Assam
A179,56042,50.438,12.73,230.77,56042.0,0.029,Assam
A180,78769,70.892,9.47,447.55,78769.0,0.137,Assam
A181,94769,85.292,0.0,3296.98,94769.0,0.305,Assam
A182,89745,80.77,0.0,2511.75,89745.0,0.676,Assam
A183,71048,63.943,0.0,2911.47,71048.0,0.793,Assam
A184,89870,80.883,11.54,510.26,89870.0,0.158,Assam
A185,70511,63.46,0.0,1828.16,70511.0,0.013,Assam
A186,232876,209.588,0.0,4645.85,232876.0,0.767,Assam
A187,51473,46.326,0.0,4717.29,51473.0,0.478,Assam
A188,174503,157.053,0.0,5108.83,174503.0,1.198,Assam
A189,100198,90.178,14.34,477.96,100198.0,0.116,Assam
A190,56498,50.848,0.0,1747.82,56498.0,0.154,Assam
A191,97671,87.904,0.0,1783.62,97671.0,0.091,Assam
A192,227487,204.738,0.0,5530.38,227487.0,0.941,Assam
A193,197923,178.131,4.04,833.12,197923.0,0.194,Assam
A194,114335,102.902,2.93,387.35,114335.0,0.075,Assam
A195,74028,66.625,6.15,439.85,74028.0,0.113,Assam
A196,161261,145.135,6.04,683.69,161261.0,0.144,Assam
A197,52259,47.033,0.0,1863.19,52259.0,0.047,Assam
A198,78906,71.015,12.1,575.6,78906.0,0.155,Assam
A199,69025,62.122,0.01,1940.8,69025.0,0.246,Assam
A200,55905,50.314,13.8,437.52,55905.0,0.119,Assam
A201,150231,135.208,5.16,566.04,150231.0,0.114,Assam
A202,78947,71.052,1.59,446.89,78947.0,0.108,Assam
A203,51427,46.284,0.01,2314.17,51427.0,0.336,Assam
A204,241966,217.769,4.91,908.87,241966.0,0.139,Assam
A205,50897,45.807,0.0,1765.38,50897.0,0.109,Assam
A206,51632,46.469,0.0,2078.25,51632.0,0.328,Assam
A207,131105,117.994,2.87,607.27,131105.0,0.144,Assam
A208,80900,72.81,9.03,474.36,80900.0,0.13,Assam
A209,52327,47.094,3.97,278.23,52327.0,0.027,Assam
A210,91273,82.146,6.78,368.36,91273.0,0.073,Assam
A211,50202,45.182,4.32,294.11,50202.0,0.003,Assam
A212,54330,48.897,7.34,260.6,54330.0,0.043,Assam
A213,61488,55.339,13.71,564.5,61488.0,0.159,Assam
A214,93344,84.01,2.27,572.97,93344.0,0.169,Assam
A215,92526,83.273,6.76,587.89,92526.0,0.153,Assam
A216,52980,47.682,0.0,2025.55,52980.0,0.268,Assam
A217,53077,47.769,0.0,2459.33,53077.0,0.352,Assam
A218,65194,58.675,5.24,565.53,65194.0,0.211,Assam
A219,81413,73.272,0.0,2078.18,81413.0,0.125,Assam
A220,106686,96.017,0.0,2304.56,106686.0,0.314,Assam
A221,51843,46.659,5.35,277.88,51843.0,0.017,Assam
A222,50134,45.121,0.01,1792.12,50134.0,0.004,Assam
A223,77464,69.718,0.0,2673.85,77464.0,0.002,Assam
A224,101136,91.022,0.0,2595.05,101136.0,0.099,Assam
A225,77269,69.542,6.52,328.03,77269.0,0.043,Assam
A226,57710,51.939,8.16,335.11,57710.0,0.009,Assam
A227,92748,83.473,1.35,473.71,92748.0,0.11,Assam
A228,63171,56.854,1.51,463.77,63171.0,0.072,Assam
A229,88077,79.269,4.51,410.23,88077.0,0.047,Assam
A230,58760,52.884,0.0,2076.62,58760.0,0.004,Assam
A231,63217,56.895,0.01,2382.18,63217.0,0.378,Assam
A232,143203,128.883,0.0,5453.2,143203.0,0.878,Assam
A233,65024,58.522,0.03,1911.95,65024.0,0.112,Assam
A234,60212,54.191,0.0,405.14,60212.0,0.052,Assam
A235,84582,76.124,0.7,492.71,84582.0,0.099,Assam
A236,135674,122.107,0.0,4182.56,135674.0,0.46,Assam
A237,80982,72.884,0.01,1718.72,80982.0,0.024,Assam
A238,82276,74.048,0.58,672.87,82276.0,0.218,Assam
A239,52144,46.93,0.0,1903.39,52144.0,0.099,Assam
A240,54904,49.414,0.0,1770.9,54904.0,0.002,Assam
A241,62130,55.917,0.0,1750.39,62130.0,0.01,Assam
A242,52415,47.174,1.26,582.13,52415.0,0.08,Assam
A243,75468,67.921,0.01,1722.45,75468.0,0.034,Assam
A244,68002,61.202,0.0,2234.01,68002.0,0.006,Assam
A245,341185,307.066,0.0,6843.31,341185.0,0.698,Assam
A246,78425,70.582,0.01,3470.74,78425.0,0.042,Assam
A247,326108,293.497,0.0,5502.27,326108.0,0.71,Assam
A248,52771,47.494,0.0,1818.97,52771.0,0.001,Assam
A249,54688,49.219,0.0,1752.55,54688.0,0.001,Assam
A250,71450,64.305,0.0,1912.84,71450.0,0.124,Assam
A251,59491,53.542,0.0,3599.07,59491.0,0.043,Assam
A252,66409,59.768,0.01,4008.73,66409.0,0.142,Assam
A253,95127,85.614,0.44,616.16,95127.0,0.184,Assam
A254,102645,92.38,0.01,3221.66,102645.0,0.032,Assam
A255,53606,48.245,0.0,1960.97,53606.0,0.001,Assam
A256,50768,45.691,1.23,324.94,50768.0,0.017,Assam
A257,81297,73.167,0.0,3467.22,81297.0,0.038,Assam
A258,203612,183.251,0.0,5277.82,203612.0,0.794,Assam
A259,171802,154.622,0.01,6427.84,171802.0,1.168,Assam
A260,81414,73.273,0.0,1722.25,81414.0,0.052,Assam
A261,89211,80.29,0.0,1771.16,89211.0,0.028,Assam
A262,90083,81.075,0.0,1740.62,90083.0,0.008,Assam
A263,60008,54.007,0.01,3596.88,60008.0,0.045,Assam
A264,84709,76.238,0.0,4884.7,84709.0,1.411,Assam
A265,96271,86.644,0.01,1847.5,96271.0,0.005,Assam
A266,56977,51.279,0.0,1762.21,56977.0,0.002,Assam
A267,52177,46.959,0.0,1876.31,52177.0,0.014,Assam
A268,57759,51.983,0.59,347.05,57759.0,0.023,Assam
A269,69754,62.779,0.02,2027.2,69754.0,0.111,Assam
A270,195545,175.99,0.0,6471.62,195545.0,1.106,Assam
A271,59859,53.873,0.0,1770.24,59859.0,0.001,Assam
A272,50889,45.8,0.01,2105.9,50889.0,0.108,Assam
A273,71664,64.498,0.0,1770.22,71664.0,0.003,Assam
A274,96945,87.25,0.0,1805.45,96945.0,0.005,Assam
A275,59056,53.15,0.18,1012.61,59056.0,0.056,Assam
A276,97667,87.9,0.23,1817.1,97667.0,0.002,Assam
A277,74629,67.166,0.73,523.25,74629.0,0.199,Assam
A278,106453,95.808,0.0,1784.05,106453.0,0.002,Assam
A279,83134,74.821,0.0,4693.83,83134.0,1.418,Assam
A280,60529,54.476,0.0,1782.25,60529.0,0.002,Assam
A281,179504,161.554,0.0,3510.79,179504.0,0.642,Assam
A282,75328,67.795,0.0,1956.72,75328.0,0.001,Assam
A283,65548,58.993,0.0,2133.96,65548.0,0.001,Assam
A284,102095,91.886,0.0,1711.41,102095.0,0.002,Assam
A285,99771,89.794,0.0,4545.48,99771.0,1.153,Assam
A286,88843,79.959,0.0,4176.9,88843.0,1.18,Assam
A287,105056,94.55,0.01,3851.99,105056.0,1.082,Assam
A288,50196,45.176,0.0,1799.76,50196.0,0.001,Assam
A289,66177,59.559,0.0,1751.93,66177.0,0.001,Assam
A290,51191,46.072,0.0,2181.05,51191.0,0.001,Assam
A291,62927,56.634,0.0,2028.54,62927.0,0.008,Assam
A292,206595,185.936,0.0,4079.28,206595.0,0.561,Assam
A293,55616,50.054,0.0,1820.98,55616.0,0.001,Assam
A294,61936,55.742,0.01,5495.35,61936.0,1.87,Assam
A295,81181,73.063,0.0,1899.2,81181.0,0.002,Assam
A296,60785,54.706,0.01,4497.43,60785.0,1.852,Assam
A297,75118,67.606,0.0,4119.07,75118.0,1.519,Assam
A298,58805,52.924,0.0,1778.1,58805.0,0.011,Assam
A299,69752,62.777,0.0,1782.5,69752.0,0.021,Assam
A300,111060,99.954,0.0,3661.44,111060.0,1.028,Assam
A301,60487,54.438,0.0,1853.02,60487.0,0.004,Assam
A302,73649,66.284,0.0,3199.62,73649.0,1.132,Assam
A303,71839,64.655,0.0,1698.13,71839.0,0.012,Assam
A304,54471,49.024,0.0,1664.31,54471.0,0.015,Assam
A305,125025,112.522,0.01,3635.57,125025.0,0.921,Assam
A306,75354,67.819,0.0,3998.67,75354.0,1.313,Assam
A307,120393,108.354,0.0,4059.83,120393.0,0.955,Assam
A308,54191,48.772,0.0,1679.35,54191.0,0.01,Assam
A309,108524,97.672,0.0,3857.82,108524.0,0.995,Assam
A310,79874,71.887,9.33,401.09,79874.0,0.088,Assam
A311,131235,118.112,6.11,634.61,131235.0,0.136,Assam
A312,196857,177.171,12.86,993.27,196857.0,0.237,Assam
A313,149644,134.68,0.8,500.53,149644.0,0.089,Assam
A314,84278,75.85,0.0,1674.04,84278.0,0.004,Assam
A315,133786,120.407,1.82,457.05,133786.0,0.039,Assam
A316,51171,46.054,11.4,339.04,51171.0,0.029,Assam
A317,153676,138.308,8.2,620.51,153676.0,0.106,Assam
A318,113192,101.873,9.99,420.23,113192.0,0.079,Assam
A319,140821,126.739,9.73,497.83,140821.0,0.112,Assam
A320,58653,52.788,0.0,1767.21,58653.0,0.086,Assam
A321,55199,49.679,0.0,1702.81,55199.0,0.077,Assam
A322,70911,63.82,2.15,408.08,70911.0,0.101,Assam
A323,133289,119.96,0.0,4528.04,133289.0,0.934,Assam
A324,55119,49.607,0.0,3556.33,55119.0,1.549,Assam
A325,135884,122.296,0.0,4651.34,135884.0,0.863,Assam
A326,60026,54.023,6.85,367.84,60026.0,0.059,Assam
A327,65716,59.144,4.01,376.78,65716.0,0.117,Assam
A328,122527,110.274,0.0,2802.92,122527.0,0.487,Assam
A329,89683,80.715,4.43,452.59,89683.0,0.125,Assam
A330,70048,63.043,0.01,4366.85,70048.0,0.192,Assam
A331,69620,62.658,5.71,454.7,69620.0,0.069,Assam
A332,69836,62.852,3.88,370.14,69836.0,0.042,Assam
A333,98803,88.923,6.44,354.76,98803.0,0.066,Assam
A334,78563,70.707,0.0,1649.22,78563.0,0.0,Assam
A335,189759,170.783,3.45,1479.92,189759.0,0.3,Assam
A336,140420,126.378,4.1,473.95,140420.0,0.086,Assam
A337,124868,112.381,3.38,447.47,124868.0,0.097,Assam
A338,181857,163.671,0.3,760.81,181857.0,0.147,Assam
A339,53983,48.585,0.0,1815.46,53983.0,0.001,Assam
A340,82128,73.915,0.0,2070.66,82128.0,0.275,Assam
A341,93797,84.417,4.72,443.47,93797.0,0.093,Assam
A342,58692,52.823,5.76,345.58,58692.0,0.097,Assam
A343,109299,98.369,3.64,661.42,109299.0,0.184,Assam
A344,57958,52.162,0.0,1862.83,57958.0,0.194,Assam
A345,50254,45.229,9.35,252.18,50254.0,0.007,Assam
A346,99357,89.421,0.0,3039.38,99357.0,0.729,Assam
A347,88074,79.267,5.62,478.14,88074.0,0.153,Assam
A348,187037,168.333,15.96,896.09,187037.0,0.216,Assam
A349,111686,100.517,0.0,2127.16,111686.0,0.387,Assam
A350,107378,96.64,0.01,2575.03,107378.0,0.605,Assam
A351,53486,48.137,13.74,316.09,53486.0,0.047,Assam
A352,147963,133.167,0.0,3364.43,147963.0,0.77,Assam
A353,80983,72.885,5.74,262.5,80983.0,0.014,Assam
A354,131675,118.508,3.66,575.19,131675.0,0.11,Assam
A355,69576,62.618,0.0,3100.55,69576.0,1.168,Assam
A356,73855,66.47,0.0,2067.35,73855.0,0.468,Assam
A357,118846,106.961,0.0,4342.35,118846.0,1.08,Assam
A358,128580,115.722,0.0,3659.14,128580.0,1.032,Assam
A359,239852,215.867,4.14,881.13,239852.0,0.156,Assam
A360,125226,112.703,5.27,553.24,125226.0,0.117,Assam
A361,59098,53.188,6.5,338.17,59098.0,0.066,Assam
A362,56052,50.447,3.98,372.09,56052.0,0.067,Assam
A363,154493,139.044,5.4,714.4,154493.0,0.191,Assam
A364,55867,50.28,2.18,423.36,55867.0,0.095,Assam
A365,55462,49.916,0.0,3459.15,55462.0,1.022,Assam
A366,143506,129.155,3.58,522.7,143506.0,0.125,Assam
A367,76101,68.491,5.45,310.59,76101.0,0.062,Assam
A368,103753,93.378,0.01,2824.49,103753.0,0.716,Assam
A369,66709,60.038,0.01,3276.18,66709.0,1.12,Assam
A370,65863,59.277,7.52,302.43,65863.0,0.053,Assam
A371,54041,48.637,0.0,2376.58,54041.0,0.749,Assam
A372,111627,100.464,0.0,3566.59,111627.0,0.99,Assam
A373,82331,74.098,5.95,489.7,82331.0,0.151,Assam
A374,180412,162.371,0.0,4909.89,180412.0,0.871,Assam
A375,66097,59.487,0.01,3445.34,66097.0,1.039,Assam
A376,53716,48.344,0.0,2828.52,53716.0,0.775,Assam
A377,189507,170.556,7.44,585.27,189507.0,0.127,Assam
A378,54274,48.847,6.61,312.54,54274.0,0.05,Assam
A379,58836,52.952,2.25,442.47,58836.0,0.052,Assam
A380,110665,99.598,0.0,4232.63,110665.0,1.18,Assam
A381,58118,52.306,0.0,2364.09,58118.0,0.748,Assam
A382,68952,62.057,0.0,1513.68,68952.0,0.196,Assam
A383,63146,56.831,0.0,1963.31,63146.0,0.568,Assam
A384,158313,142.482,6.25,515.3,158313.0,0.111,Assam
A385,56529,50.876,0.0,1904.17,56529.0,0.446,Assam
A386,51488,46.339,0.0,2089.65,51488.0,0.119,Assam
A387,116862,105.176,8.64,567.43,116862.0,0.14,Assam
A388,90601,81.541,8.71,431.01,90601.0,0.133,Assam
A389,77066,69.359,10.15,243.89,77066.0,0.041,Assam
A390,73337,66.003,0.0,1873.94,73337.0,0.398,Assam
A391,144840,130.356,0.01,4040.09,144840.0,0.909,Assam
A392,136908,123.217,9.89,615.6,136908.0,0.129,Assam
A393,211779,190.601,5.94,468.13,211779.0,0.052,Assam
A394,134623,121.161,21.8,625.72,134623.0,0.125,Assam
A395,72822,65.54,0.01,3047.94,72822.0,0.771,Assam
A396,81569,73.412,17.62,354.47,81569.0,0.06,Assam
A397,155206,139.685,0.0,2423.57,155206.0,0.353,Assam
A398,62344,56.11,0.0,1968.31,62344.0,0.011,Assam
A399,55826,50.243,5.82,283.39,55826.0,0.04,Assam
A400,96283,86.655,8.5,447.76,96283.0,0.107,Assam
A401,51963,46.767,0.01,2358.28,51963.0,0.002,Assam
A402,58701,52.831,13.09,320.67,58701.0,0.07,Assam
A403,72131,64.918,0.0,1976.26,72131.0,0.408,Assam
A404,69975,62.978,5.96,270.8,69975.0,0.02,Assam
A405,55107,49.596,0.01,2228.57,55107.0,0.472,Assam
A406,126707,114.036,8.36,450.65,126707.0,0.057,Assam
A407,143391,129.052,0.0,3418.91,143391.0,0.592,Assam
A408,60004,54.004,0.01,3633.36,60004.0,0.813,Assam
A409,57865,52.078,9.02,336.08,57865.0,0.073,Assam
A410,101038,90.934,0.95,912.18,101038.0,0.332,Assam
A411,84618,76.156,0.01,3098.25,84618.0,0.488,Assam
A412,74057,66.651,13.64,336.76,74057.0,0.084,Assam
A413,96409,86.768,0.0,2143.52,96409.0,0.281,Assam
A414,78979,71.081,0.01,6173.38,78979.0,2.087,Assam
A415,273416,246.074,5.13,862.47,273416.0,0.145,Assam
A416,64861,58.375,0.01,3869.74,64861.0,0.626,Assam
A417,76570,68.913,9.18,466.31,76570.0,0.118,Assam
A418,60717,54.645,0.0,2098.9,60717.0,0.002,Assam
A419,52354,47.119,18.37,268.04,52354.0,0.037,Assam
A420,73084,65.776,15.67,272.03,73084.0,0.038,Assam
A421,50460,45.414,19.22,245.53,50460.0,0.022,Assam
A422,141140,127.026,0.0,3458.49,141140.0,0.557,Assam
A423,68841,61.957,0.0,2010.18,68841.0,0.277,Assam
A424,84414,75.973,0.0,2163.94,84414.0,0.168,Assam
A425,60453,54.408,18.18,303.15,60453.0,0.083,Assam
A426,109968,98.971,9.49,523.2,109968.0,0.1,Assam
A427,58120,52.308,0.0,2103.46,58120.0,0.322,Assam
A428,99210,89.289,11.36,419.62,99210.0,0.112,Assam
A429,360571,324.514,0.0,5883.13,360571.0,0.677,Assam
A430,100402,90.362,25.74,507.92,100402.0,0.136,Assam
A431,75909,68.318,0.0,1071.63,75909.0,0.108,Assam
A432,128151,115.336,0.0,2791.22,128151.0,0.288,Assam
A433,154769,139.292,8.09,1259.56,154769.0,0.283,Assam
A434,442847,398.562,10.71,1171.07,442847.0,0.122,Assam
A435,129652,116.687,19.3,444.78,129652.0,0.091,Assam
A436,351276,316.148,9.9,690.2,351276.0,0.086,Assam
A437,71262,64.136,0.0,2929.7,71262.0,0.359,Assam
A438,54447,49.002,0.01,2942.54,54447.0,0.004,Assam
A439,58878,52.99,22.61,287.87,58878.0,0.037,Assam
A440,86563,77.907,0.0,1506.13,86563.0,0.598,Assam
A441,138412,124.571,0.0,1470.42,138412.0,0.121,Assam
A442,432857,389.571,0.0,9763.28,432857.0,0.998,Assam
A443,61045,54.94,13.48,206.93,61045.0,0.017,Assam
A444,124622,112.16,0.0,1102.56,124622.0,0.27,Assam
A445,95462,85.916,0.0,1855.44,95462.0,0.236,Assam
A446,70246,63.221,8.24,476.44,70246.0,0.102,Assam
A447,73074,65.767,30.05,451.58,73074.0,0.108,Assam
A448,53171,47.854,3.61,270.46,53171.0,0.034,Assam
A449,52225,47.002,0.0,1678.62,52225.0,0.001,Assam
A450,81234,73.111,0.0,1665.23,81234.0,0.092,Assam
A451,118803,106.923,0.01,2006.12,118803.0,0.129,Assam
A452,72586,65.327,0.01,2206.86,72586.0,0.235,Assam
A453,187248,168.523,23.44,732.29,187248.0,0.144,Assam
A454,56880,51.192,0.0,1995.39,56880.0,0.272,Assam
A455,82029,73.826,0.0,3318.07,82029.0,0.484,Assam
A456,71141,64.027,10.68,617.2,71141.0,0.06,Assam
A457,191671,172.504,26.59,802.09,191671.0,0.174,Assam
A458,82033,73.83,22.73,344.09,82033.0,0.099,Assam
A459,68727,61.854,23.72,330.19,68727.0,0.062,Assam
A460,53463,48.117,0.01,2468.37,53463.0,0.004,Assam
A461,50905,45.814,0.0,1634.85,50905.0,0.001,Assam
A462,622655,560.39,18.43,1916.69,622655.0,0.188,Assam
A463,56985,51.286,0.01,1647.87,56985.0,0.023,Assam
A464,205591,185.032,17.13,469.2,205591.0,0.074,Assam
A465,72292,65.063,17.14,478.88,72292.0,0.136,Assam
A466,153594,138.235,0.01,8042.37,153594.0,1.522,Assam
A467,54702,49.232,0.0,1692.62,54702.0,0.002,Assam
A468,147588,132.829,0.0,2234.49,147588.0,0.18,Assam
A469,145015,130.514,0.01,6198.86,145015.0,1.549,Assam
A470,66425,59.782,0.0,2074.95,66425.0,0.007,Assam
A471,213556,192.2,16.01,539.17,213556.0,0.088,Assam
A472,53694,48.325,0.0,1693.52,53694.0,0.014,Assam
A473,352462,317.216,0.0,5217.63,352462.0,0.629,Assam
A474,120663,108.597,22.67,426.07,120663.0,0.111,Assam
A475,50216,45.194,0.02,2576.23,50216.0,0.072,Assam
A476,122807,110.526,26.52,522.62,122807.0,0.133,Assam
A477,156086,140.477,0.0,1789.18,156086.0,0.031,Assam
A478,122148,109.933,0.0,4469.17,122148.0,0.86,Assam
A479,89263,80.337,0.0,2480.73,89263.0,0.019,Assam
A480,112080,100.872,27.86,555.56,112080.0,0.161,Assam
A481,71168,64.051,0.01,2610.81,71168.0,0.027,Assam
A482,102508,92.257,0.0,3008.71,102508.0,0.049,Assam
A483,54375,48.938,0.0,1712.35,54375.0,0.018,Assam
A484,472118,424.906,0.0,8022.03,472118.0,0.727,Assam
A485,72282,65.054,0.0,1367.93,72282.0,0.031,Assam
A486,84737,76.263,16.21,3683.32,84737.0,1.424,Assam
A487,92056,82.85,0.0,1712.72,92056.0,0.011,Assam
A488,244880,220.392,0.01,4048.75,244880.0,0.261,Assam
A489,82430,74.187,0.01,2019.98,82430.0,0.008,Assam
A490,50031,45.028,0.0,2645.7,50031.0,0.011,Assam
A491,58034,52.231,0.01,2747.0,58034.0,0.011,Assam
A492,114741,103.267,0.0,2580.47,114741.0,0.139,Assam
A493,53285,47.956,0.01,1463.29,53285.0,0.001,Assam
A494,74288,66.859,0.0,1823.1,74288.0,0.063,Assam
A495,67247,60.522,0.0,4800.57,67247.0,1.715,Assam
A496,58855,52.97,0.0,1826.31,58855.0,0.007,Assam
A497,54257,48.831,0.0,2566.71,54257.0,0.02,Assam
A498,80989,72.89,0.0,2160.06,80989.0,0.003,Assam
A499,175431,157.888,0.0,6286.32,175431.0,1.022,Assam
A500,115001,103.501,0.09,2456.83,115001.0,0.008,Assam
A501,52776,47.498,0.01,2427.06,52776.0,0.003,Assam
A502,50224,45.202,0.04,3589.5,50224.0,0.001,Assam
A504,71213,64.092,0.0,794003.1,15940273.0,1.664,Assam
A505,52841,47.557,0.02,9028.26,8105389.0,0.027,Assam
A506,5626,5.063,0.27,7818589.0,15628877.0,16.679,Assam
A507,29686,26.717,0.02,36922.45,9374540.0,0.126,Assam
A508,31176,28.058,0.02,919202.56,8217554.0,3.73,Assam
A509,60620,54.558,0.02,9428.83,168162.0,1.878,Assam
A510,43154,38.839,0.0,50369.48,765932.94,2.135,Assam
A511,95403,85.863,0.01,9907.63,237978.0,1.219,Assam
A512,69767,62.79,0.01,88934.45,1870571.0,1.549,Assam
A513,41062,36.956,0.02,289301.72,3442828.2,2.817,Assam
A515,10853,9.768,0.03,16055.24,4620297.0,0.104,Assam
A516,12637,11.373,0.0,18719.29,123453.0,5.188,Assam
A518,41394,37.255,0.0,3634.64,4035856.0,0.023,Assam
A519,268892,242.003,0.01,18005.63,721519.06,0.892,Assam
A520,39188,35.269,0.02,21126.01,221592.0,3.009,Assam
A521,161789,145.61,0.0,10375.11,303647.0,1.357,Assam
A522,54545,49.09,0.01,39964.65,663924.0,2.099,Assam
A523,58904,53.014,0.01,551230.6,4733576.0,3.885,Assam
A525,31177,28.059,0.02,2464.81,210869.0,0.132,Assam
A526,67140,60.426,19.91,2202.77,261253.0,0.305,Assam
A527,146083,131.475,0.0,76976.78,1887441.0,1.395,Assam
A528,55652,50.087,0.0,3317.92,802463.06,0.081,Assam
A529,271060,243.954,0.0,11674.69,607558.0,0.836,Assam
A530,7368,6.631,34.22,7222.38,317423.0,0.765,Assam
A531,20356,18.32,0.01,446418.1,2648170.0,5.622,Assam
A532,205177,184.659,12.98,1703.17,394567.0,0.179,Assam
A533,20270,18.243,0.01,221736.42,1320547.0,5.583,Assam
A534,92424,83.182,0.01,13370.29,394472.0,1.121,Assam
A535,193364,174.028,13.38,2541.16,467965.0,0.211,Assam
A536,248291,223.462,0.01,27584.96,960615.06,0.994,Assam
A537,53274,47.947,0.0,143451.5,3552883.0,1.347,Assam
A538,33351,30.016,0.01,23973.06,299785.0,2.737,Assam
A539,270016,243.014,0.01,22371.2,889400.0,0.896,Assam
A540,70737,63.663,0.0,155406.86,3172988.2,1.632,Assam
A541,55891,50.302,19.28,12108.72,1871788.0,0.217,Assam
A542,6050,5.445,0.03,197670.62,430015.0,15.438,Assam
A543,14251,12.826,0.84,14932.39,746204.94,0.674,Assam
A544,76344,68.71,0.01,5696.7,894088.0,0.168,Assam
A545,117458,105.712,0.0,16209.55,892440.0,0.579,Assam
A546,405120,364.608,5.8,4067.34,898896.94,0.181,Assam
A547,115138,103.624,17.79,1766.78,435269.0,0.146,Assam
A548,68034,61.231,16.3,2889.06,360107.0,0.287,Assam
A549,23082,20.774,3.72,26623.32,711410.0,1.256,Assam
A550,84721,76.249,0.01,120161.94,2882364.2,1.376,Assam
A552,6942,6.248,0.0,237261.1,512385.0,15.533,Assam
A553,10697,9.627,0.01,29086.56,364175.0,2.695,Assam
A554,179801,161.821,0.0,16687.43,564682.0,1.077,Assam
A556,269271,242.344,7.0,1951.59,595858.0,0.129,Assam
A557,486995,438.296,19.01,4081.94,1041452.0,0.173,Assam
A558,40190,36.171,5.55,3362.5,656481.0,0.169,Assam
A559,181740,163.566,0.0,98883.6,2562522.0,1.302,Assam
A560,49418,44.476,0.3,5333.43,275078.0,0.689,Assam
A561,102938,92.644,4.76,5649.29,631356.0,0.318,Assam
A562,70747,63.672,0.0,5657.67,1013147.06,0.145,Assam
A563,116874,105.187,0.01,13696.05,309002.0,1.618,Assam
A564,170522,153.47,1.26,12881.92,968495.06,0.473,Assam
A565,18915,17.024,10.82,7022.28,504644.0,0.469,Assam
A566,149952,134.957,0.01,59559.5,1677912.0,1.213,Assam
A567,336954,303.259,0.0,84947.75,2867834.0,1.02,Assam
A568,184754,166.279,7.24,1887.91,593895.0,0.111,Assam
A569,12430,11.187,10.12,2141.75,215166.0,0.338,Assam
A570,67902,61.112,3.99,3458.14,565023.0,0.214,Assam
A571,65065,58.558,1.86,25510.82,617187.0,1.428,Assam
A572,42358,38.122,0.01,199202.05,2459618.0,2.703,Assam
A573,79831,71.848,0.0,6206.15,240154.0,0.54,Assam
A574,10150,9.135,7.59,6418.18,428958.0,0.502,Assam
A575,149897,134.907,0.0,32273.76,1111289.0,1.018,Assam
A576,54160,48.744,3.18,9904.95,1018920.0,0.33,Assam
A577,104424,93.982,0.01,13473.28,234675.0,2.06,Assam
A578,46671,42.004,8.11,1226.13,233209.0,0.168,Assam
A579,75063,67.557,0.43,10456.9,802702.0,0.453,Assam
A580,82278,74.05,0.0,13267.4,429810.0,0.988,Assam
A581,147248,132.523,0.01,19387.62,645899.0,1.026,Assam
A582,19906,17.915,0.03,36342.16,215087.0,5.893,Assam
A583,98105,88.294,8.38,5157.59,676806.0,0.265,Assam
A584,59191,53.272,14.85,3275.78,326711.0,0.36,Assam
A585,73865,66.478,11.69,1953.47,477642.0,0.138,Assam
A586,107438,96.694,0.0,143529.81,2715614.0,1.781,Assam
A587,20201,18.181,1.18,15226.98,397353.0,1.295,Assam
A588,17579,15.821,0.03,8048.3,4816016.0,0.044,Assam
A589,120020,108.018,0.0,69241.38,2086440.0,1.103,Assam
A590,42208,37.987,0.0,88345.56,2239816.0,1.314,Assam
A591,63404,57.064,7.98,22468.44,1217852.0,0.62,Assam
A592,220766,198.689,0.0,39181.26,1548155.0,0.882,Assam
A593,19253,17.328,0.01,9792.72,546045.0,0.608,Assam
A594,237890,214.101,2.52,5101.7,1043564.0,0.177,Assam
A595,129955,116.96,0.22,4607.12,15818836.0,0.003,Assam
A596,48434,43.591,0.0,11726.28,248354.0,1.726,Assam
A597,8145,7.33,12.77,18894.51,251714.0,2.533,Assam
A598,54378,48.94,0.01,354913.03,5553600.0,2.133,Assam
A599,18142,16.328,3.94,1598.49,143943.0,0.369,Assam
A600,40175,36.158,0.0,60481.64,1242771.0,1.628,Assam
A601,85413,76.872,11.13,2703.77,595940.0,0.149,Assam
A602,158727,142.854,0.02,77612.96,1534815.0,1.732,Assam
A604,118629,106.766,11.44,14094.54,1743605.0,0.279,Assam
A605,35357,31.821,0.01,400695.25,4133557.0,3.246,Assam
A606,14089,12.68,0.02,96601.53,384382.0,8.378,Assam
A607,90190,81.171,3.03,6050.37,776731.06,0.266,Assam
A608,10506,9.455,0.03,9754.02,3526156.2,0.076,Assam
A609,159723,143.751,25.13,3039.97,481383.0,0.249,Assam
A610,10758,9.682,0.26,26589.66,2106036.0,0.421,Assam
A611,127014,114.313,2.36,2461.49,322758.0,0.308,Assam
A612,160625,144.562,0.0,54807.19,1473513.0,1.263,Assam
A613,268598,241.738,0.01,39656.98,1453224.0,0.96,Assam
A614,14502,13.052,3.96,22163.89,1314685.0,0.563,Assam
A615,83567,75.21,1.52,12136.86,1606503.0,0.256,Assam
A616,81140,73.026,0.01,53966.85,2101199.0,0.857,Assam
A617,220036,198.032,0.0,19656.3,698786.0,1.05,Assam
A618,30450,27.405,2.8,10358.44,753786.0,0.463,Assam
A619,18644,16.78,0.0,202510.1,1968571.0,3.431,Assam
A620,54389,48.95,0.0,139126.83,3042428.2,1.514,Assam
A621,21902,19.712,0.02,220115.16,1445232.0,5.108,Assam
A622,105880,95.292,0.0,19579.33,1764700.0,0.36,Assam
A623,23016,20.714,1.13,18623.84,1660459.0,0.375,Assam
A624,52481,47.233,4.48,5586.05,887250.0,0.213,Assam
A626,107540,96.786,0.01,18234.04,482639.0,1.385,Assam
A627,128558,115.702,0.0,111585.02,2289109.0,1.639,Assam
A628,131092,117.983,0.01,40486.44,838420.94,1.719,Assam
A629,46962,42.266,4.05,13253.94,1861913.9,0.238,Assam
A630,196016,176.414,0.0,65383.74,2547459.0,0.878,Assam
A631,37818,34.036,0.03,52578.06,528653.0,3.255,Assam
A632,7749,6.974,0.42,37043.97,1913919.0,0.645,Assam
A633,197395,177.656,0.0,12241.01,664102.0,0.578,Assam
A634,526798,474.118,0.0,23905.02,1157573.0,0.825,Assam
A635,67307,60.576,3.15,954.55,202506.0,0.172,Assam
A636,38998,35.098,1.46,2334.54,433142.0,0.182,Assam
A637,87449,78.704,0.01,17943.95,271491.0,2.35,Assam
A639,52590,47.331,2.7,106962.05,6972611.0,0.513,Assam
A641,148329,133.496,3.53,13754.27,2099208.0,0.224,Assam
A642,16644,14.98,2.36,30923.31,1748373.0,0.591,Assam
A643,20858,18.772,0.29,13013.12,693852.0,0.633,Assam
A644,12355,11.12,0.0,8879.39,366980.0,0.82,Assam
A645,26358,23.722,0.0,50091.4,399998.0,4.291,Assam
A646,24174,21.757,0.01,97198.12,766839.06,4.284,Assam
A647,40357,36.321,0.02,174140.7,3749582.0,1.54,Assam
A648,170799,153.719,1.06,28062.21,2458692.0,0.392,Assam
A649,191421,172.279,1.04,16837.76,2199137.0,0.264,Assam
A651,8331,7.498,11.35,4304.79,524398.0,0.272,Assam
A652,70938,63.844,0.04,80144.6,6585153.5,0.398,Assam
A653,122030,109.827,0.0,17799.31,527022.0,1.232,Assam
A654,34223,30.801,11.04,33831.66,1600073.0,0.71,Assam
A655,15949,14.354,3.37,50275.84,4824181.0,0.347,Assam
A656,368590,331.731,0.02,110377.91,4020830.0,0.939,Assam
A657,17533,15.78,8.37,5634.04,462581.0,0.411,Assam
A658,117685,105.916,0.01,36701.42,1168048.0,1.073,Assam
A660,311226,280.103,11.02,32153.24,1145498.0,1.001,Assam
A661,59919,53.927,1.06,10359.57,2383924.0,0.144,Assam
A662,107442,96.698,0.01,56122.02,9784600.0,0.189,Assam
A663,223080,200.772,0.01,21512.09,1042996.0,0.664,Assam
A664,239516,215.564,0.98,327843.66,52829490.0,0.207,Assam
A665,24383,21.945,0.29,834526.75,50131276.0,0.555,Assam
A668,23199,20.879,0.02,123874.92,992404.94,4.187,Assam
A669,48405,43.564,1.88,2847.1,300884.0,0.33,Assam
A670,5801,5.221,3.06,111860.17,2370523.0,1.574,Assam
A671,62002,55.802,5.15,3759.46,315464.0,0.422,Assam
A672,8408,7.567,0.0,1524.45,137261.0,0.032,Assam
A673,47326,42.593,0.0,18599.28,293306.0,2.273,Assam
A675,10624,9.562,10.06,2995.16,183842.0,0.543,Assam
A676,159173,143.256,0.01,10725.36,505926.0,0.69,Assam
A677,21759,19.583,0.02,180333.8,1365212.0,4.44,Assam
A678,141583,127.425,0.01,162751.5,3354594.0,1.633,Assam
A679,27966,25.169,1.22,3278.14,230112.0,0.493,Assam
A680,25624,23.062,0.04,397112.2,2948657.0,4.51,Assam
A681,10951,9.856,0.04,334307.88,1082751.0,10.346,Assam
A682,57116,51.404,5.52,3216.75,394794.0,0.281,Assam
A683,57275,51.548,2.57,32234.2,1972812.0,0.55,Assam
A684,21190,19.071,2.3,44504.01,2294886.0,0.648,Assam
A685,23337,21.003,2.53,1361.81,154382.0,0.291,Assam
A686,89339,80.405,1.66,63304.36,7195736.5,0.294,Assam
A687,136923,123.231,0.01,52243.22,891324.94,2.058,Assam
A689,22520,20.268,2.02,72506.81,2617057.0,0.927,Assam
A691,141997,127.797,0.38,297309.28,47528852.0,0.209,Assam
A692,46898,42.208,0.01,84463.74,624663.0,4.632,Assam
A693,91161,82.045,0.02,99279.97,947815.06,3.638,Assam
A695,186227,167.604,0.02,67731.74,1883185.0,1.24,Assam
A696,5736,5.162,0.0,130347.54,1288334.0,3.353,Assam
A697,6145,5.53,0.0,3179.33,3233603.8,0.022,Assam
A698,78083,70.275,0.01,66850.71,1500725.0,1.481,Assam
A699,24203,21.783,0.01,768496.2,7639804.0,3.355,Assam
A700,209104,188.194,0.01,71110.29,2140162.0,1.129,Assam
A701,11021,9.919,0.04,486201.53,1886781.0,8.614,Assam
A703,43151,38.836,0.01,58199.6,1324125.0,1.458,Assam
A704,34774,31.297,0.01,450822.62,5444115.0,2.767,Assam
A705,9498,8.548,0.0,598029.7,7541952.0,2.643,Assam
A706,281660,253.494,0.03,179885.77,8580395.0,0.705,Assam
A707,68556,61.7,0.01,5934.82,4946508.0,0.026,Assam
A708,308777,277.899,0.01,264971.0,7999772.0,1.116,Assam
A709,13895,12.506,0.01,2402381.5,9595030.0,8.346,Assam
A710,48256,43.43,0.0,153477.4,2197623.0,2.353,Assam
A711,47698,42.928,0.05,459230.28,8849685.0,1.728,Assam
A712,131181,118.063,0.01,84077.79,3079722.0,0.91,Assam
A713,25183,22.665,0.02,321566.16,2285320.0,4.713,Assam
A714,274919,247.427,0.0,61402.85,2577598.0,0.831,Assam
A715,308251,277.426,0.02,205126.6,5430499.0,1.282,Assam
A716,71650,64.485,0.08,336546.97,12942164.0,0.865,Assam
A717,106107,95.496,0.01,92724.25,2819825.0,1.085,Assam
A718,117955,106.16,0.02,254163.62,4431016.0,1.917,Assam
A719,696496,626.846,0.01,241845.81,9169423.0,0.899,Assam
A720,104376,93.938,0.06,1040050.75,25914590.0,1.34,Assam
A721,24812,22.331,0.01,420129.8,16025614.0,0.875,Assam
A722,10947,9.852,0.04,24104.92,1622351.0,0.463,Assam
A724,80969,72.872,1.48,613343.3,52985076.0,0.386,Assam
A725,74690,67.221,0.21,917044.75,80604820.0,0.379,Assam
A726,31279,28.151,0.32,756548.75,53306320.0,0.473,Assam
A728,51362,46.226,0.0,39653.18,419621.0,3.297,Assam
A729,30519,27.467,0.0,2070.13,604881.0,0.023,Assam
A730,58455,52.61,0.0,732956.56,12296032.0,1.991,Assam
A731,51335,46.202,0.0,8403.34,314713.0,0.89,Assam
A733,80982,72.884,0.24,811998.9,81805624.0,0.331,Assam
A734,20568,18.511,0.0,59440.41,1148772.0,1.736,Assam
A735,18469,16.622,0.0,176072.0,904651.06,6.476,Assam
A736,7033,6.33,0.04,2976782.8,5942715.0,16.707,Assam
A737,50169,45.152,0.04,19114.4,241833.0,2.62,Assam
A738,49079,44.171,0.0,16847.16,341963.0,1.713,Assam
A739,171541,154.387,0.01,20548.32,537249.0,1.392,Assam
A740,82940,74.646,0.01,15327.24,235328.0,2.584,Assam
A741,11290,10.161,0.03,50092.22,193888.0,8.854,Assam
A743,11009,9.908,0.02,10706.38,697776.94,0.439,Assam
A744,247872,223.085,0.0,13574.7,397171.0,1.171,Assam
A746,321727,289.554,0.0,68703.9,2056947.0,1.135,Assam
A747,184544,166.09,0.0,9955.89,349319.0,1.223,Assam
A748,26208,23.587,0.55,743806.2,54615536.0,0.454,Assam
A749,39695,35.726,0.0,2320.7,481357.0,0.047,Assam
A750,7074,6.367,0.07,170216.22,345666.0,16.582,Assam
A751,84609,76.148,0.01,12080.46,244721.0,1.877,Assam
A752,34690,31.221,0.0,2949.68,430563.0,0.095,Assam
A753,102116,91.904,0.01,812421.44,12043452.0,2.254,Assam
A754,18773,16.896,0.0,12682.24,438874.0,0.964,Assam
A755,130946,117.851,0.0,32020.71,1245328.0,0.842,Assam
A756,19701,17.731,0.0,952670.75,9110069.0,3.489,Assam
A757,31493,28.344,0.01,55627.65,511133.0,3.715,Assam
A758,17801,16.021,0.0,484472.47,2541464.0,6.374,Assam
A760,60085,54.076,0.0,30973.05,571431.0,1.85,Assam
A761,141906,127.715,0.01,27061.94,533950.0,1.659,Assam
A762,205191,184.672,0.01,38443.56,757422.0,1.82,Assam
A763,30737,27.663,0.19,339665.03,54076930.0,0.209,Assam
A764,34251,30.826,0.01,42926.3,434449.0,3.32,Assam
A765,117359,105.623,0.0,13153.82,362593.0,1.268,Assam
A766,32616,29.354,0.13,2312.95,210542.0,0.384,Assam
A767,11938,10.744,0.01,1402305.6,81666880.0,0.572,Assam
A768,106748,96.073,0.01,451738.25,7071786.0,2.143,Assam
A769,88593,79.734,0.01,13557.49,296595.0,1.342,Assam
A770,6959,6.263,0.0,762.89,312009.0,0.057,Assam
A771,81399,73.259,0.0,6151.55,912132.0,0.174,Assam
A772,53336,48.002,0.42,848.77,202901.0,0.13,Assam
A773,14656,13.19,1.06,1749140.6,85743670.0,0.68,Assam
A774,122736,110.462,1.55,3171.69,751012.0,0.143,Assam
A775,27088,24.379,0.01,5304.87,371720.0,0.487,Assam
A776,7778,7.0,0.24,2891.65,136890.0,0.716,Assam
A778,96960,87.264,0.58,138760.36,32776786.0,0.14,Assam
A779,121684,109.516,0.01,306447.9,5298265.0,1.936,Assam
A780,73276,65.948,0.07,604955.4,54494204.0,0.37,Assam
A781,32284,29.056,0.01,9053.31,228168.0,1.322,Assam
A782,518730,466.857,0.01,20311.46,1171574.0,0.679,Assam
A784,432320,389.088,0.01,61370.93,1647475.0,1.366,Assam
A785,14754,13.279,0.03,394528.28,1625638.1,8.104,Assam
A786,114339,102.905,0.39,292038.25,53695164.0,0.181,Assam
A787,20361,18.325,0.35,499161.3,53215984.0,0.313,Assam
A788,65852,59.267,0.63,681381.5,53963916.0,0.421,Assam
A789,30901,27.811,0.02,1078.49,141136.0,0.242,Assam
A791,95451,85.906,2.15,1742.0,286922.0,0.213,Assam
A792,24412,21.971,0.58,7114.25,535528.0,0.451,Assam
A793,6983,6.285,0.08,2363.97,166789.0,0.468,Assam
A794,7609,6.848,0.04,943423.06,83473200.0,0.377,Assam
A795,16242,14.618,0.03,427286.1,1934118.1,7.374,Assam
A796,131423,118.281,0.01,7393.57,263418.0,0.86,Assam
A797,28410,25.569,0.0,6421.25,438039.0,0.495,Assam
A798,45828,41.245,0.0,25331.84,727168.94,1.196,Assam
A799,26785,24.106,1.5,861723.06,86131320.0,0.334,Assam
A800,31748,28.573,0.06,754619.8,53488304.0,0.47,Assam
A801,45634,41.071,0.03,6935.06,558490.0,0.423,Assam
A802,8584,7.726,0.0,86696.22,1195062.0,2.423,Assam
A803,40318,36.286,0.19,424015.0,54284036.0,0.26,Assam
A804,192796,173.516,0.0,27339.04,1162078.0,0.807,Assam
A805,47756,42.98,0.21,5569.14,960028.94,0.19,Assam
A806,87076,78.368,0.23,1074.51,250974.0,0.141,Assam
A807,6519,5.867,0.0,1101427.6,81594740.0,0.45,Assam
A808,77785,70.006,0.01,4672.22,526682.0,0.318,Assam
A809,106410,95.769,0.0,3603.38,443702.0,0.174,Assam
A810,105005,94.504,0.0,22812.3,924432.0,0.821,Assam
A811,301445,271.3,0.0,731904.5,32328714.0,0.757,Assam
A812,379720,341.748,0.23,527871.0,82743830.0,0.213,Assam
A814,7210,6.489,0.03,16379514.0,32835468.0,16.63,Assam
A815,34075,30.668,0.0,35927.94,500087.0,2.478,Assam
A816,211604,190.444,0.01,582072.3,10811889.0,1.805,Assam
A817,18674,16.807,0.0,751818.3,81150180.0,0.309,Assam
A818,60780,54.702,0.0,80991.15,2026248.0,1.346,Assam
A819,200648,180.583,0.0,7665.05,342485.0,0.828,Assam
A820,320126,288.113,0.0,32635.07,1557904.0,0.745,Assam
A821,45793,41.214,2.17,5508.88,458789.0,0.416,Assam
A822,52242,47.018,8.83,3470.47,334227.0,0.365,Assam
A823,25375,22.838,0.01,33237.6,269251.0,4.294,Assam
A824,59460,53.514,0.01,352293.88,6966230.0,1.688,Assam
A825,73851,66.466,5.78,5704.79,572243.0,0.347,Assam
A826,333861,300.475,0.0,37928.26,1866244.0,0.716,Assam
A827,388940,350.046,0.0,19480.56,883680.0,0.839,Assam
A828,114863,103.377,13.42,1788.7,327433.0,0.196,Assam
A829,152942,137.648,0.0,12762.92,375253.0,1.423,Assam
A831,127145,114.43,0.01,87131.33,1117453.0,2.684,Assam
A832,139807,125.826,6.22,1876.67,280101.0,0.273,Assam
A833,131370,118.233,0.4,436654.1,84006020.0,0.173,Assam
A834,10920,9.828,0.01,407363.56,2076852.0,6.545,Assam
A836,50006,45.005,0.01,44404.72,614454.0,2.357,Assam
A837,67466,60.719,0.98,306088.06,85665850.0,0.119,Assam
A838,13334,12.001,0.01,2689014.5,11306580.0,7.927,Assam
A840,228149,205.334,5.71,199899.1,4921116.0,1.38,Assam
A841,37666,33.899,10.35,2406.18,225943.0,0.381,Assam
A842,48797,43.917,0.04,155815.42,31160360.0,0.165,Assam
A843,229066,206.159,0.0,5547.65,396505.0,0.547,Assam
A844,253061,227.755,0.72,640506.75,85284536.0,0.251,Assam
A845,60472,54.425,0.0,24509.5,245512.0,3.545,Assam
A846,32704,29.434,0.02,41042.91,380502.0,3.631,Assam
A847,98948,89.053,0.02,56870.5,1085170.0,1.8,Assam
A848,194871,175.384,0.01,203088.36,5126447.0,1.331,Assam
A849,34475,31.028,0.01,18749.44,1547112.0,0.372,Assam
A850,237984,214.186,0.0,16907.32,771972.94,0.757,Assam
A851,148338,133.504,0.01,64041.65,1972982.1,1.1,Assam
A852,38683,34.815,0.0,88757.03,1535712.0,1.949,Assam
A853,125140,112.626,0.01,16823.04,342697.0,1.832,Assam
A854,102961,92.665,0.0,14864.66,565230.0,0.892,Assam
A855,326685,294.016,0.01,11642.04,671343.06,0.754,Assam
A856,18414,16.573,0.05,1013676.4,83334490.0,0.405,Assam
A857,36820,33.138,0.0,18753.43,459133.0,1.416,Assam
A858,111168,100.051,10.54,988.88,226206.0,0.147,Assam
A859,320740,288.666,0.01,31339.48,673132.94,1.922,Assam
A861,14613,13.152,7.56,5302.0,342208.0,0.522,Assam
A862,112141,100.927,0.01,16382.25,338273.0,1.713,Assam
A863,38888,34.999,0.0,14724.33,523473.0,0.915,Assam
A864,36420,32.778,0.0,12636.9,394860.0,1.01,Assam
A865,138638,124.774,0.02,28789.4,511019.0,2.096,Assam
A866,155738,140.164,0.0,22428.33,629914.0,1.213,Assam
A867,11020,9.918,0.0,29458.06,527051.0,1.818,Assam
A868,170752,153.677,0.01,26629.71,525907.0,1.85,Assam
A869,148467,133.62,0.01,186625.8,3559195.0,1.761,Assam
A870,104939,94.445,0.0,37004.26,1143009.0,1.074,Assam
A872,298102,268.292,0.0,29532.86,1412134.1,0.725,Assam
A873,213841,192.457,0.08,1068443.0,30973294.0,1.152,Assam
A874,53731,48.358,0.01,21490.79,337140.0,2.17,Assam
A875,14845,13.36,0.01,69788.35,436081.0,5.382,Assam
A876,45160,40.644,0.01,72437.65,1304936.0,1.833,Assam
A877,145317,130.785,0.0,55074.88,1769259.0,1.049,Assam
A878,94479,85.031,0.0,32099.72,719666.0,1.5,Assam
A879,80116,72.104,0.0,168499.73,4617262.0,1.227,Assam
A880,18576,16.718,0.0,20456.41,403301.0,1.719,Assam
A881,6883,6.195,0.0,129891.85,262727.0,16.698,Assam
A882,101395,91.256,0.01,1654757.5,32602362.0,1.693,Assam
A883,63899,57.509,0.01,9428.88,917023.06,0.261,Assam
A884,7380,6.642,0.01,118080.09,761384.94,5.194,Assam
A885,5380,4.842,0.06,579528.3,1161313.0,16.673,Assam
A886,23991,21.592,0.0,222456.31,12379369.0,0.596,Assam
A887,44141,39.727,0.0,93793.59,1416580.0,2.232,Assam
A888,93153,83.838,0.0,3069.82,337865.0,0.163,Assam
A889,39530,35.577,0.0,34515.05,2677981.0,0.409,Assam
A890,222556,200.3,0.01,31301.28,1066551.0,1.032,Assam
A891,354194,318.775,0.01,206045.45,8134729.0,0.853,Assam
A892,77904,70.114,0.0,9996.46,204885.0,1.526,Assam
A893,27481,24.733,0.0,42143.03,1190479.0,1.191,Assam
A894,48669,43.802,0.0,7047.94,294299.0,0.856,Assam
A895,163924,147.532,0.0,30723.49,901392.0,1.238,Assam
A896,26586,23.927,0.0,66456.85,2998565.0,0.735,Assam
A897,102537,92.283,0.01,33935.11,504261.0,2.354,Assam
A899,308426,277.583,0.01,48484.94,990976.0,1.77,Assam
A900,118199,106.379,0.01,61450.72,1301194.0,1.615,Assam
A901,49553,44.598,8.7,1073.19,210028.0,0.178,Assam
A902,69404,62.464,0.01,101450.09,1076027.0,3.199,Assam
A903,59213,53.292,2.05,2129.68,320082.0,0.231,Assam
A904,55326,49.793,0.01,59130.42,1035956.94,1.949,Assam
A905,59760,53.784,0.01,32084.5,514213.0,2.036,Assam
A906,18294,16.465,0.0,175064.23,6836862.0,0.847,Assam
A907,167329,150.596,0.0,22966.4,721756.0,1.157,Assam
A908,144525,130.072,15.23,1244.9,269410.0,0.188,Assam
A909,6584,5.926,0.13,5866846.5,11736982.0,16.667,Assam
A910,21967,19.77,0.0,35420.44,1524455.0,0.778,Assam
A911,105275,94.748,0.08,777665.8,11525513.0,2.256,Assam
A912,272907,245.616,0.01,348327.25,7344454.0,1.603,Assam
A914,93309,83.978,0.0,538980.5,12528570.0,1.434,Assam
A915,19326,17.393,0.0,33299.5,426443.0,2.644,Assam
A916,9597,8.637,0.01,131684.47,673939.06,6.554,Assam
A917,81131,73.018,0.0,2875.84,445761.0,0.115,Assam
A918,50838,45.754,0.01,31796.61,872140.94,1.203,Assam
A919,82365,74.128,0.01,25623.34,634607.0,1.45,Assam
A920,293857,264.471,0.06,749782.8,31536922.0,0.796,Assam
A921,32337,29.103,0.01,197195.64,2633706.0,2.499,Assam
A922,66597,59.937,0.0,114656.75,1423201.9,2.74,Assam
A923,30244,27.22,0.01,120085.97,1681614.1,2.391,Assam
A924,51137,46.023,0.0,31392.88,11888564.0,0.083,Assam
A926,15158,13.642,0.0,189151.14,819228.94,7.695,Assam
A927,49819,44.837,0.01,52556.01,810944.94,2.215,Assam
A928,163995,147.596,0.01,14012.71,649065.0,0.728,Assam
A930,19632,17.669,0.03,124881.38,780867.06,5.387,Assam
A931,108860,97.974,0.01,33544.01,1005736.94,1.085,Assam
A932,215762,194.186,0.0,1450723.2,31869356.0,1.521,Assam
A933,57433,51.69,0.0,8047.59,322148.0,0.896,Assam
A934,5212,4.691,0.01,33524.52,315549.0,3.562,Assam
A935,10746,9.671,0.02,27508.34,2448195.0,0.354,Assam
A936,164574,148.117,0.01,11093.2,483156.0,0.734,Assam
A937,263005,236.704,0.02,118970.46,3332995.8,1.234,Assam
A938,5161,4.645,3.12,1484.02,163010.0,0.297,Assam
A939,258204,232.384,0.0,343056.9,12633825.0,0.912,Assam
A941,11554,10.399,0.03,139968.33,6900014.0,0.669,Assam
A942,12690,11.421,0.02,7931.21,3361326.0,0.063,Assam
A943,7098,6.388,0.13,8265443.0,16529777.0,16.671,Assam
A944,188970,170.073,0.08,1197288.0,30649570.0,1.305,Assam
A947,48129,43.316,0.01,157216.78,2089963.0,2.494,Assam
A948,150063,135.057,0.01,159194.69,5125838.0,1.034,Assam
A949,77362,69.626,0.01,63019.52,850720.94,2.553,Assam
A950,448966,404.069,0.0,306364.88,8422144.0,1.232,Assam
A951,12903,11.613,0.02,6034291.0,32434028.0,6.203,Assam
A952,10863,9.777,0.03,120349.68,8659805.0,0.457,Assam
A953,56742,51.068,0.0,138291.69,10529774.0,0.431,Assam
A954,47849,43.064,0.01,134670.97,1781023.0,2.504,Assam
A955,289904,260.914,0.01,86369.48,2185014.0,1.4,Assam
A956,46780,42.102,0.0,718326.9,9311719.0,2.573,Assam
A957,125770,113.193,0.04,726835.8,12816273.0,1.897,Assam
A958,34460,31.014,0.09,103467.92,2833928.0,1.209,Assam
A959,67640,60.876,0.01,320828.6,6077515.0,1.754,Assam
A960,20952,18.857,0.05,2223.16,1610383.0,0.005,Assam
A961,25067,22.56,0.07,2308087.5,16202666.0,4.75,Assam
A962,64751,58.276,0.01,120767.83,1894420.0,2.138,Assam
A963,17367,15.63,0.0,405114.8,4877543.0,2.773,Assam
A965,155847,140.262,0.01,29524.56,1157385.0,0.832,Assam
A966,17064,15.358,0.19,1991971.2,10278526.0,6.456,Assam
A968,25876,23.288,0.01,42924.74,3273224.0,0.424,Assam
A969,70120,63.108,0.0,40917.92,4358484.0,0.313,Assam
A970,24697,22.227,0.89,403633.62,40039132.0,0.336,Assam
A971,57559,51.803,0.01,12071.3,16332086.0,0.021,Assam
A972,386766,348.089,0.01,66503.56,2081505.0,1.139,Assam
A973,86495,77.846,0.01,2616024.0,33000412.0,2.643,Assam
A974,11403,10.263,0.01,32491.71,35093320.0,0.029,Assam
